{
    "epoch": 1.0,
    "eval_accuracy": 0.6714801444043321,
    "eval_loss": 0.6387318968772888,
    "eval_runtime": 8.9836,
    "eval_samples": 277,
    "eval_samples_per_second": 30.834,
    "eval_steps_per_second": 10.352
}