{
    "epoch": 1.0,
    "eval_accuracy": 0.5703971119133574,
    "eval_loss": 0.692894697189331,
    "eval_runtime": 2.3726,
    "eval_samples": 277,
    "eval_samples_per_second": 116.75,
    "eval_steps_per_second": 39.198,
    "size_of": 908857440
}