{
    "epoch": 2.0,
    "eval_combined_score": 0.8225207815565992,
    "eval_loss": 0.7576904296875,
    "eval_pearson": 0.8245086559470335,
    "eval_runtime": 40.7278,
    "eval_samples": 1500,
    "eval_samples_per_second": 36.83,
    "eval_spearmanr": 0.820532907166165,
    "eval_steps_per_second": 12.277
}