{
    "epoch": 1.0,
    "eval_accuracy": 0.9254587155963303,
    "eval_loss": 0.43249034881591797,
    "eval_runtime": 10.3759,
    "eval_samples": 872,
    "eval_samples_per_second": 84.041,
    "eval_steps_per_second": 28.046
}